{
  "Converged": true,
  "Debug": false,
  "Dim": 4.0,
  "EpsNewton": 1e-07,
  "Initial_Conditions": {
    "Delta": 3.4455013106049055,
    "Up": [
      0.5709944595857457,
      0.5737547229475268,
      0.5757132029532096,
      0.576933361811172,
      0.5774653736526972,
      0.577344520371234,
      0.5765907516351325,
      0.575208624759193,
      0.573187411164534,
      0.570502170319975,
      0.5671162533408018,
      0.5629846313401503,
      0.5580574616669507,
      0.552284097867857,
      0.5456175332868727,
      0.538018126231241,
      0.5294551925734132,
      0.5199059466527305,
      0.509351821038001,
      0.4977721912492002,
      0.4851364146994214,
      0.4713967910617502,
      0.45648547138934675,
      0.4403168694336356,
      0.42279561861126913,
      0.40382931597906185,
      0.38334351603549616,
      0.3612935724963383,
      0.3376674107991778,
      0.31247743658767524,
      0.28574575341547864,
      0.257490380165531,
      0.22772026308649482,
      0.19644416711865537,
      0.16369207028605007,
      0.1295387630497556,
      0.09411554860393721,
      0.057603971782251726,
      0.020219809747359076,
      -0.017798468886791676,
      -0.05619095788312568,
      -0.0946735411318462,
      -0.132939707589578,
      -0.1706687831946555,
      -0.20753752302011483,
      -0.24323369691060792,
      -0.2774721029092294,
      -0.31001009272472435,
      -0.34065612106664106,
      -0.36926831278758104,
      -0.39574829363479397,
      -0.4200387989885305,
      -0.44212758313552525,
      -0.46205169608572616,
      -0.47989445197971137,
      -0.4957732487234612,
      -0.509822887753731,
      -0.5221805516780009,
      -0.5329759930948331,
      -0.5423275785783941,
      -0.5503431140855806,
      -0.5571231556082932,
      -0.5627639526378242,
      -0.5673582792308302,
      -0.5709944595857457,
      -0.5737547229475268,
      -0.5757132029532096,
      -0.576933361811172,
      -0.5774653736526972,
      -0.577344520371234,
      -0.5765907516351325,
      -0.575208624759193,
      -0.573187411164534,
      -0.570502170319975,
      -0.5671162533408018,
      -0.5629846313401503,
      -0.5580574616669507,
      -0.552284097867857,
      -0.5456175332868727,
      -0.538018126231241,
      -0.5294551925734132,
      -0.5199059466527305,
      -0.509351821038001,
      -0.4977721912492002,
      -0.4851364146994214,
      -0.4713967910617502,
      -0.45648547138934675,
      -0.4403168694336356,
      -0.42279561861126913,
      -0.40382931597906185,
      -0.38334351603549616,
      -0.3612935724963383,
      -0.3376674107991778,
      -0.31247743658767524,
      -0.28574575341547864,
      -0.257490380165531,
      -0.22772026308649482,
      -0.19644416711865537,
      -0.16369207028605007,
      -0.1295387630497556,
      -0.09411554860393721,
      -0.057603971782251726,
      -0.020219809747359076,
      0.017798468886791676,
      0.05619095788312568,
      0.0946735411318462,
      0.132939707589578,
      0.1706687831946555,
      0.20753752302011483,
      0.24323369691060792,
      0.2774721029092294,
      0.31001009272472435,
      0.34065612106664106,
      0.36926831278758104,
      0.39574829363479397,
      0.4200387989885305,
      0.44212758313552525,
      0.46205169608572616,
      0.47989445197971137,
      0.4957732487234612,
      0.509822887753731,
      0.5221805516780009,
      0.5329759930948331,
      0.5423275785783941,
      0.5503431140855806,
      0.5571231556082932,
      0.5627639526378242,
      0.5673582792308302
    ],
    "fc": [
      0.1808379073319512,
      0.18798168046242072,
      0.19575029901925345,
      0.20407536206498175,
      0.2127349404427157,
      0.22181935174171502,
      0.23164398460238528,
      0.24223798616468598,
      0.25334010184708833,
      0.2649703958978193,
      0.2775521652030553,
      0.29127072858135894,
      0.3058109167363187,
      0.32110406487477355,
      0.33779056141410924,
      0.3563202146361092,
      0.3761708422097853,
      0.39686016519335576,
      0.41874914619882786,
      0.4403822452369699,
      0.45460765247224605,
      0.4504574477097848,
      0.4220983104815818,
      0.37566477705842705,
      0.3251640885598827,
      0.28155432200181796,
      0.24712718227299052,
      0.21937045895185664,
      0.1966633746139179,
      0.17882680605779389,
      0.16490382263437214,
      0.15326755468365694,
      0.14335057537092755,
      0.13548813185219685,
      0.12939213856575704,
      0.12417499530357143,
      0.11961537983017076,
      0.11614203348592449,
      0.11368794865931581,
      0.11164551751242294,
      0.10988270189930052,
      0.10881218658695362,
      0.10845988503103277,
      0.10835789526604853,
      0.10839265859474861,
      0.10893695991353763,
      0.11006728525057885,
      0.11140294859664637,
      0.11282565514418685,
      0.11466423396427683,
      0.11703048250983308,
      0.11960940198782355,
      0.12226966677269085,
      0.12529673295507815,
      0.12883311467264164,
      0.13262133324030492,
      0.13651335683860244,
      0.140751591654976,
      0.1455095380877547,
      0.15058591199471272,
      0.15581277988107226,
      0.16138770114027,
      0.1675191478362939,
      0.17406647421311794,
      0.1808379073319512,
      0.18798168046242072,
      0.19575029901925345,
      0.20407536206498175,
      0.2127349404427157,
      0.22181935174171502,
      0.23164398460238528,
      0.24223798616468598,
      0.25334010184708833,
      0.2649703958978193,
      0.2775521652030553,
      0.29127072858135894,
      0.3058109167363187,
      0.32110406487477355,
      0.33779056141410924,
      0.3563202146361092,
      0.3761708422097853,
      0.39686016519335576,
      0.41874914619882786,
      0.4403822452369699,
      0.45460765247224605,
      0.4504574477097848,
      0.4220983104815818,
      0.37566477705842705,
      0.3251640885598827,
      0.28155432200181796,
      0.24712718227299052,
      0.21937045895185664,
      0.1966633746139179,
      0.17882680605779389,
      0.16490382263437214,
      0.15326755468365694,
      0.14335057537092755,
      0.13548813185219685,
      0.12939213856575704,
      0.12417499530357143,
      0.11961537983017076,
      0.11614203348592449,
      0.11368794865931581,
      0.11164551751242294,
      0.10988270189930052,
      0.10881218658695362,
      0.10845988503103277,
      0.10835789526604853,
      0.10839265859474861,
      0.10893695991353763,
      0.11006728525057885,
      0.11140294859664637,
      0.11282565514418685,
      0.11466423396427683,
      0.11703048250983308,
      0.11960940198782355,
      0.12226966677269085,
      0.12529673295507815,
      0.12883311467264164,
      0.13262133324030492,
      0.13651335683860244,
      0.140751591654976,
      0.1455095380877547,
      0.15058591199471272,
      0.15581277988107226,
      0.16138770114027,
      0.1675191478362939,
      0.17406647421311794
    ],