{
  "Ntau": 128,
  "Dim": 4.0,
  "XLeft": 0.001,
  "XMid": 0.1,
  "XRight": 0.999,
  "EpsNewton": 1e-7,
  "PrecisionNewton": 1e-14,
  "MaxIterNewton": 100,
  "Verbose": true,
  "SlowError": 1e-3,
  "NLeft": 6000,
  "NRight": 8000,
  "PrecisionIRK": 1e-15,
  "MaxIterIRK": 100,
  "Converged": false,
  "Debug": false,
  "Initial_Conditions": {
    "Delta": 3.445501184653556,
    "fc": [
        0.1808380386902108,    
        0.1879817629154226,    
        0.1957503117845280,    
        0.2040754293224346,    
        0.2127350803351770,    
        0.2218194463190475,    
        0.2316440236917176,    
        0.2422380865726138,    
        0.2533402700369832,    
        0.2649705207332780,    
        0.2775522486384674,    
        0.2912708790336831,    
        0.3058111253120048,    
        0.3211042291246717,    
        0.3377907016263587,    
        0.3563204259546532,    
        0.3761710832540399,    
        0.3968603427709224,    
        0.4187493415139454,    
        0.4403825991177104,    
        0.4546081103205145,    
        0.4504578760933276,    
        0.4220987415884616,    
        0.3756652438461071,    
        0.3251643706628328,    
        0.2815542162740102,    
        0.2471269021206548,    
        0.2193703812182967,    
        0.1966634957238284,    
        0.1788268470872672,    
        0.1649037663754097,    
        0.1532676316383814,    
        0.1433507799095123,    
        0.1354882175090520,    
        0.1293920846146910,    
        0.1241750322615097,    
        0.1196155369711193,    
        0.1161420921678894,    
        0.1136878756949384,    
        0.1116455249218912,    
        0.1098828302303100,    
        0.1088122349051983,    
        0.1084598113815031,    
        0.1083578940781669,    
        0.1083927757053566,    
        0.1089370099304740,    
        0.1100672215649373,    
        0.1114029494249553,    
        0.1128257682983478,    
        0.1146642894872628,    
        0.1170304336358546,    
        0.1196094118885933,    
        0.1222697811277478,    
        0.1252967956050420,    
        0.1288330825892956,    
        0.1326213571915234,    
        0.1365134779136375,    
        0.1407516652973672,    
        0.1455095267561607,    
        0.1505859551105928,    
        0.1558129107269667,    
        0.1613877835602696,    
        0.1675191507654918,    
        0.1740665281993895,    
        0.1808380386902108,    
        0.1879817629154226,    
        0.1957503117845280,    
        0.2040754293224346,    
        0.2127350803351770,    
        0.2218194463190475,    
        0.2316440236917176,    
        0.2422380865726138,    
        0.2533402700369832,    
        0.2649705207332780,    
        0.2775522486384674,    
        0.2912708790336831,    
        0.3058111253120048,    
        0.3211042291246717,    
        0.3377907016263587,    
        0.3563204259546532,    
        0.3761710832540399,    
        0.3968603427709224,    
        0.4187493415139454,    
        0.4403825991177104,    
        0.4546081103205145,    
        0.4504578760933276,    
        0.4220987415884616,    
        0.3756652438461071,    
        0.3251643706628328,    
        0.2815542162740102,    
        0.2471269021206548,    
        0.2193703812182967,    
        0.1966634957238284,    
        0.1788268470872672,    
        0.1649037663754097,    
        0.1532676316383814,    
        0.1433507799095123,    
        0.1354882175090520,    
        0.1293920846146910,    
        0.1241750322615097,    
        0.1196155369711193,    
        0.1161420921678894,    
        0.1136878756949384,    
        0.1116455249218912,    
        0.1098828302303100,    
        0.1088122349051983,    
        0.1084598113815031,    
        0.1083578940781669,    
        0.1083927757053566,    
        0.1089370099304740,    
        0.1100672215649373,    
        0.1114029494249553,    
        0.1128257682983478,    
        0.1146642894872628,    
        0.1170304336358546,    
        0.1196094118885933,    
        0.1222697811277478,    
        0.1252967956050420,    
        0.1288330825892956,    
        0.1326213571915234,    
        0.1365134779136375,    
        0.1407516652973672,    
        0.1455095267561607,    
        0.1505859551105928,    
        0.1558129107269667,    
        0.1613877835602696,    
        0.1675191507654918,    
        0.1740665281993895    
    ],